{
  "accuracy": 0.7340425531914894,
  "macro_f1": 0.7358172181612318,
  "split": "frozen(data/train.json)"
}