{
  "accuracy": 0.8085106382978723,
  "macro_f1": 0.8093944648874226,
  "split": "frozen(data/train.json)"
}