{
  "accuracy": 0.7553191489361702,
  "macro_f1": 0.7529765902563836,
  "split": "frozen(data/train.json)"
}