{
  "accuracy": 0.776595744680851,
  "macro_f1": 0.7756233129482321,
  "split": "frozen(data/train.json)"
}