{
  "accuracy": 0.9042553191489362,
  "macro_f1": 0.9050279282066377,
  "split": "frozen(data/train.json)"
}