{
  "accuracy": 0.8297872340425532,
  "macro_f1": 0.8272668171157056,
  "split": "frozen(data/train.json)"
}