{
  "accuracy": 0.7872340425531915,
  "macro_f1": 0.7896562555557056,
  "split": "frozen(data/train.json)"
}