{
  "accuracy": 0.2127659574468085,
  "macro_f1": 0.07017543859649122,
  "split": "frozen(data/train.json)"
}