{
  "accuracy": 0.7712765957446809,
  "macro_f1": 0.7689915345004363,
  "split": "frozen(data/train.json)"
}