model,top1_acc,top2_acc,n
lstm,0.49666666666666665,0.7333333333333333,300
stylometry,0.57,0.7866666666666666,300
tfidf,0.44,0.6766666666666666,300
word2vec,0.5233333333333333,0.77,300
